<?xml version="1.0" encoding="UTF-8"?>
<!DOCTYPE fontscolors PUBLIC "-//NetBeans//DTD Editor Fonts and Colors settings 1.1//EN" "http://www.netbeans.org/dtds/EditorFontsColors-1_1.dtd">
<fontscolors>
    <fontcolor name="mod-abstract"/>
    <fontcolor default="string" name="string"/>
    <fontcolor default="comment" foreColor="ffcc6600" name="javadoc-identifier"/>
    <fontcolor foreColor="ff25cbff" name="mod-public"/>
    <fontcolor default="identifier" name="mod-class"/>
    <fontcolor foreColor="ffff6666" name="mod-unused" waveUnderlined="gray"/>
    <fontcolor default="identifier" name="mod-interface-declaration">
        <font style="bold"/>
    </fontcolor>
    <fontcolor default="method" foreColor="ffffc66d" name="mod-method-declaration"/>
    <fontcolor default="operator" name="operator"/>
    <fontcolor default="keyword" foreColor="ffffa7ec" name="keyword-directive"/>
    <fontcolor default="keyword" foreColor="ffa6ff38" name="literal"/>
    <fontcolor default="number" name="number"/>
    <fontcolor default="char" name="character"/>
    <fontcolor default="identifier" foreColor="ff08c9ff" name="mod-parameter"/>
    <fontcolor name="mod-deprecated" strikeThrough="ffc3c3c3"/>
    <fontcolor default="comment" foreColor="ff0099ff" name="javadoc-first-sentence"/>
    <fontcolor default="identifier" name="mod-annotation-type"/>
    <fontcolor default="string" foreColor="ffff4eff" name="string-escape"/>
    <fontcolor default="string" foreColor="ffff4eff" name="string-escape-invalid" waveUnderlined="red"/>
    <fontcolor default="keyword" name="keyword"/>
    <fontcolor default="identifier" foreColor="cyan" name="mod-local-variable"/>
    <fontcolor default="identifier" name="identifier"/>
    <fontcolor default="field" name="mod-field"/>
    <fontcolor default="comment" foreColor="ff0099ff" name="javadoc-tag">
        <font style="bold"/>
    </fontcolor>
    <fontcolor default="method" name="mod-method"/>
    <fontcolor default="identifier" name="mod-annotation-type-declaration">
        <font style="bold"/>
    </fontcolor>
    <fontcolor foreColor="ffff9933" name="mod-protected"/>
    <fontcolor default="identifier" name="mod-interface"/>
    <fontcolor default="character" name="character-escape-invalid">
        <font style="italic"/>
    </fontcolor>
    <fontcolor default="identifier" name="mod-constructor-declaration"/>
    <fontcolor default="comment" name="html-tag">
        <font style="italic"/>
    </fontcolor>
    <fontcolor default="separator" name="separator"/>
    <fontcolor default="identifier" name="mod-enum"/>
    <fontcolor default="identifier" foreColor="ff008dff" name="mod-local-variable-declaration"/>
    <fontcolor default="identifier" foreColor="ff18c9c9" name="mod-parameter-declaration"/>
    <fontcolor foreColor="ff006edd" name="mod-private"/>
    <fontcolor default="identifier" name="mod-enum-declaration"/>
    <fontcolor foreColor="ffffc51b" name="mod-static">
        <font style="italic"/>
    </fontcolor>
    <fontcolor default="character" name="character-escape">
        <font style="bold"/>
    </fontcolor>
    <fontcolor default="identifier" foreColor="ff28cc71" name="mod-class-declaration"/>
    <fontcolor foreColor="ffff6633" name="mod-package-private"/>
    <fontcolor default="comment" name="comment"/>
    <fontcolor default="whitespace" name="whitespace"/>
    <fontcolor default="identifier" name="mod-constructor"/>
    <fontcolor default="field" foreColor="ff3498db" name="mod-field-declaration"/>
</fontscolors>
