<?xml version="1.0" encoding="UTF-8"?>
<!DOCTYPE fontscolors PUBLIC "-//NetBeans//DTD Editor Fonts and Colors settings 1.1//EN" "http://www.netbeans.org/dtds/EditorFontsColors-1_1.dtd">
<fontscolors>
    <fontcolor foreColor="ff00cc66" name="mark-occurrences"/>
    <fontcolor foreColor="ffea90d4" name="identifier"/>
    <fontcolor default="field" foreColor="ffbababa" name="markup-attribute"/>
    <fontcolor foreColor="ffffcc00" name="string"/>
    <fontcolor default="identifier" name="method"/>
    <fontcolor default="keyword" foreColor="ffe8bf6a" name="markup-element"/>
    <fontcolor default="string" foreColor="ffa5c261" name="markup-attribute-value"/>
    <fontcolor foreColor="ffff0033" name="error" waveUnderlined="ff9e2927"/>
    <fontcolor default="default" name="entity-reference"/>
    <fontcolor foreColor="white" name="separator"/>
    <fontcolor foreColor="ff287bde" name="url" underline="ff287bde"/>
    <fontcolor foreColor="ffff6633" name="operator"/>
    <fontcolor foreColor="ffd22cd4" name="number"/>
    <fontcolor bgColor="ff1a1a1a" foreColor="white" name="default">
        <font name="Monospaced" size="16" style="plain"/>
    </fontcolor>
    <fontcolor default="identifier" foreColor="ff9876aa" name="field"/>
    <fontcolor foreColor="ffffcc00" name="char"/>
    <fontcolor foreColor="cyan" name="warning"/>
    <fontcolor foreColor="white" name="comment"/>
    <fontcolor foreColor="ff505050" name="whitespace"/>
    <fontcolor foreColor="fff92572" name="keyword"/>
</fontscolors>
